2025.01.01 00:00,93537.7,93936.1,93441.6,93856.6,1951.361
2025.01.01 01:00,93856.6,93856.6,93329.7,93460.1,1541.15
2025.01.01 02:00,93460.1,93720,93331.2,93530,1556.522
2025.01.01 03:00,93530,94457.9,93451,94343.2,3153.341
2025.01.01 04:00,94343.2,94360,93537.3,93575.2,2561.427
2025.01.01 05:00,93575.2,94066.7,93550,94056.3,1104.863
2025.01.01 06:00,94056.3,94057.5,93679.7,93802,919.441
2025.01.01 07:00,93802,93802,93472.9,93523.3,1166.151
2025.01.01 08:00,93523.3,93909.3,93500.6,93755.9,1233.204
2025.01.01 09:00,93755.9,93756.4,93516.5,93720.1,861.11
2025.01.01 10:00,93720.1,93774.1,93601.6,93642.7,859.776
2025.01.01 11:00,93642.7,93737.7,93250.5,93375,2072.463
2025.01.01 12:00,93375,93438.9,92840,93368.4,3900.419
2025.01.01 13:00,93368.4,93510,93239.8,93297.8,1596.828
2025.01.01 14:00,93297.8,93674.8,93155.5,93393.3,1991.185
2025.01.01 15:00,93393.3,93961.5,93351.2,93772.2,2377.623
2025.01.01 16:00,93772.2,94039.1,93561.9,93985.9,1637.873
2025.01.01 17:00,93985.9,94429.9,93604.2,94134.4,4793.719
2025.01.01 18:00,94134.4,94481.4,93851.4,94411.6,2298.89
2025.01.01 19:00,94411.6,94470.4,93891.9,94060.1,1957.371
2025.01.01 20:00,94060.1,94164.6,93687.7,94106,1600.265
2025.01.01 21:00,94106,94357.7,93881.3,94300,1120.851
2025.01.01 22:00,94300,94786.8,94100,94583.4,2381.442
2025.01.01 23:00,94583.4,94863.8,94540.1,94751.4,1963.573
2025.01.02 00:00,94751.4,95158.4,94646.7,94946.9,2091.371
2025.01.02 01:00,94946.9,94982.1,94639.2,94761.1,1507.954
2025.01.02 02:00,94761.1,94943.4,94500,94564.6,1679.23
2025.01.02 03:00,94564.6,95355,94339.9,95104.9,4471.319
2025.01.02 04:00,95104.9,95515.7,94688.9,94844.5,3562.47
2025.01.02 05:00,94844.5,95220.8,94771.6,95217,1694.473
2025.01.02 06:00,95217,95286,94881.1,94985.8,1085.773
2025.01.02 07:00,94985.8,95987.5,94957.8,95685.8,4479.418
2025.01.02 08:00,95685.8,95775.2,95346.8,95556.6,2219.185
2025.01.02 09:00,95556.6,95673.5,95334.7,95547.1,1137.792
2025.01.02 10:00,95547.1,95877.2,95468,95799.9,1681.211
2025.01.02 11:00,95799.9,96200,95591.5,96115,3393.05
2025.01.02 12:00,96115,96774,96005.2,96716.4,4259.238
2025.01.02 13:00,96716.4,96799.9,96489.5,96686.5,3067.978
2025.01.02 14:00,96686.5,96869.8,96450,96717.7,2515.292
2025.01.02 15:00,96717.7,96894.9,96572.2,96825,2183.916
2025.01.02 16:00,96825,97000,96400,96431.4,3554.687
2025.01.02 17:00,96431.4,97400,95889.7,97238.1,15066.589
2025.01.02 18:00,97238.1,97305.4,96126.5,96427,8867.892
2025.01.02 19:00,96427,97685,96003,97195.2,7855.715
2025.01.02 20:00,97195.2,97573.6,96300,96729.2,5948.693
2025.01.02 21:00,96729.2,97339.8,96354.5,97288.2,4502.017
2025.01.02 22:00,97288.2,97764,97156.3,97294.1,4377.761
2025.01.02 23:00,97294.1,97844.8,97236,97248.1,3987.762
2025.01.03 00:00,97248.1,97306,96987,97163.5,2107.581
2025.01.03 01:00,97163.5,97163.5,96618.3,96850.2,2718.573
2025.01.03 02:00,96850.2,97069.8,96736.2,96960.5,1288.549
2025.01.03 03:00,96960.5,97049.4,96735.6,96796.3,1706.645
2025.01.03 04:00,96796.3,96984,96605.3,96952.3,1429.417
2025.01.03 05:00,96952.3,97329.6,96815.8,96939.8,1847.897
2025.01.03 06:00,96939.8,97064.7,96779.1,97024.2,898.445
2025.01.03 07:00,97024.2,97042.8,96725,96777.6,977.381
2025.01.03 08:00,96777.6,96831.8,96544.4,96729.4,1503.435
2025.01.03 09:00,96729.4,96889.1,96470,96512.8,1410.337
2025.01.03 10:00,96512.8,96611.9,96253.5,96283.3,2341.925
2025.01.03 11:00,96283.3,96498.8,96062.1,96092.3,2421.772
2025.01.03 12:00,96092.3,96688,96067.8,96518.1,2361.041
2025.01.03 13:00,96518.1,96619.7,96372.1,96453.5,1285.598
2025.01.03 14:00,96453.5,96810.7,96444.1,96715.4,1663.778
2025.01.03 15:00,96715.4,96912.3,96630,96630,1907.867
2025.01.03 16:00,96630,96818.8,96432,96470.7,1902.078
2025.01.03 17:00,96470.7,97317.1,96470.7,96977.7,6079.019
2025.01.03 18:00,96977.7,97631.5,96705.5,97491.8,6084.899
2025.01.03 19:00,97491.8,98400,97360.2,97828.8,7957.242
2025.01.03 20:00,97828.8,98265.2,97788.9,97983.6,2400.119
2025.01.03 21:00,97983.6,98664.3,97955,98495.5,3206.627
2025.01.03 22:00,98495.5,98950,98456.9,98555.2,3850.534
2025.01.03 23:00,98555.2,98709,98234.8,98252.7,2895.827
2025.01.04 00:00,98252.7,98380.1,98131.4,98208.7,1797.438
2025.01.04 01:00,98208.7,98493.8,98183.4,98260.1,1198.751
2025.01.04 02:00,98260.1,98345.2,98016.9,98140,1220.788
2025.01.04 03:00,98140,98251.8,97850.6,97910.2,1471.944
2025.01.04 04:00,97910.2,98073.2,97750,97986.3,1245.718
2025.01.04 05:00,97986.3,98275.2,97807.3,98262.2,1147.582
2025.01.04 06:00,98262.2,98262.2,97993.4,98144.1,778.069
2025.01.04 07:00,98144.1,98151.1,97832.8,97968.8,1034.297
2025.01.04 08:00,97968.8,98150,97948.2,98081.6,1003.506
2025.01.04 09:00,98081.6,98212.7,98001,98091.6,593.419
2025.01.04 10:00,98091.6,98298.6,98060,98235,900.002
2025.01.04 11:00,98235,98268.2,97870.1,97877.7,1160.326
2025.01.04 12:00,97877.7,97964.2,97502.1,97661.3,2141.543
2025.01.04 13:00,97661.3,97829,97561.2,97745.9,1082.801
2025.01.04 14:00,97745.9,97890,97661.8,97848.4,731.627
2025.01.04 15:00,97848.4,97982.3,97750.1,97842.7,1330.519
2025.01.04 16:00,97842.7,98029.7,97704.1,97929.9,1514.654
2025.01.04 17:00,97929.9,98039.8,97784,97995,978.383
2025.01.04 18:00,97995,98122.7,97442.8,97617.4,2741.601
2025.01.04 19:00,97617.4,97821.4,97527.7,97676.7,1472.865
2025.01.04 20:00,97676.7,98011,97640.7,97973.2,1040.566
2025.01.04 21:00,97973.2,98117.9,97854.6,97925.1,1035.92
2025.01.04 22:00,97925.1,98380.7,97888,98129.3,1881.375
2025.01.04 23:00,98129.3,98650,98129.2,98571.9,2165.245
2025.01.05 00:00,98571.9,98759.6,98291.2,98336.3,1967.229
2025.01.05 01:00,98336.3,98466.1,98229.8,98367.5,805.712
2025.01.05 02:00,98367.5,98395.6,98105,98177.2,806.374
2025.01.05 03:00,98177.2,98370,98106.2,98175.9,818.687
2025.01.05 04:00,98175.9,98287,98011,98098.5,773.978
2025.01.05 05:00,98098.5,98215.2,98060.4,98209.4,478.191
2025.01.05 06:00,98209.4,98209.4,98033,98161.7,434.565
2025.01.05 07:00,98161.7,98516,98161.7,98332.4,1411.838
2025.01.05 08:00,98332.4,98475,98235,98311.4,581.239
2025.01.05 09:00,98311.4,98467,98256.9,98419.4,547.01
2025.01.05 10:00,98419.4,98446.4,98227.3,98227.4,577.667
2025.01.05 11:00,98227.4,98227.4,97727.7,97814.5,3307.693
2025.01.05 12:00,97814.5,97902.3,97573.9,97616.4,2087.895
2025.01.05 13:00,97616.4,97735.3,97543,97690,1618.759
2025.01.05 14:00,97690,97801,97574.3,97607.6,1089.602
2025.01.05 15:00,97607.6,97918,97513.8,97720,1844.32
2025.01.05 16:00,97720,97980,97606.8,97662.9,1460.956
2025.01.05 17:00,97662.9,97947.3,97216,97810,5490.26
2025.01.05 18:00,97810,98245.7,97673.2,97990.1,3278.752
2025.01.05 19:00,97990.1,98308.6,97887.1,97996.3,1633.796
2025.01.05 20:00,97996.3,98049.8,97600.1,97700,1698.399
2025.01.05 21:00,97700,97898.5,97536.7,97872,1359.549
2025.01.05 22:00,97872,98100,97808.4,98049.2,1117.702
2025.01.05 23:00,98049.2,98651.9,97977.5,98237.4,3381.415
2025.01.06 00:00,98237.4,98499.9,98180.4,98472,956.782
2025.01.06 01:00,98472,98798,98303.6,98656.2,1508.183
2025.01.06 02:00,98656.2,98828.5,98271.2,98340.5,1987.893
2025.01.06 03:00,98340.5,98755.6,98146.5,98183.9,2413.3
2025.01.06 04:00,98183.9,98790.6,97861,98716.6,3172.766
2025.01.06 05:00,98716.6,99282.2,98606.8,98780,6631.723
2025.01.06 06:00,98780,99222.7,98710,99001.7,2125.208
2025.01.06 07:00,99001.7,99473.5,99001.7,99429.5,2886.557
2025.01.06 08:00,99429.5,99877.7,99364.9,99580,4806.417
2025.01.06 09:00,99580,99771,99400,99468.2,2877.561
2025.01.06 10:00,99468.2,99508.2,99115,99275,2488.339
2025.01.06 11:00,99275,99608.1,98949.1,99017.4,3018.525
2025.01.06 12:00,99017.4,99225.1,98920.5,98979.1,1287.847
2025.01.06 13:00,98979.1,99049.9,98679.2,98742.6,2820.612
2025.01.06 14:00,98742.6,99400,98683.4,99238.8,3264.082
2025.01.06 15:00,99238.8,99700,99100.1,99120,3009.585
2025.01.06 16:00,99120,99538.5,98862.1,99460.3,3721.421
2025.01.06 17:00,99460.3,101281,98612.2,100692.4,18631.53
2025.01.06 18:00,100692.4,102471.7,100428.1,102117.4,17532.823
2025.01.06 19:00,102117.4,102459.4,101697.3,102132.7,8932.625
2025.01.06 20:00,102132.7,102141.7,101210,101788,5846.338
2025.01.06 21:00,101788,102020,101523.4,101702.4,2307.703
2025.01.06 22:00,101702.4,101996,101585.8,101761.6,1550.336
2025.01.06 23:00,101761.6,102291.7,101736.8,102056.1,3331.621
2025.01.07 00:00,102056.1,102276.5,101515,101545.7,2030.827
2025.01.07 01:00,101545.7,102041.8,101535.4,101956.4,1362.863
2025.01.07 02:00,101956.4,102198.9,101850,102185.9,1185.079
2025.01.07 03:00,102185.9,102702.1,101891.2,101996.9,4168.316
2025.01.07 04:00,101996.9,102027.1,101649.6,101869.3,1874.591
2025.01.07 05:00,101869.3,101979.4,101590.9,101623.3,1173.704
2025.01.07 06:00,101623.3,101780.1,101454.1,101650.9,1908.844
2025.01.07 07:00,101650.9,101883.8,101615,101615.1,944.344
2025.01.07 08:00,101615.1,101733.4,101524.7,101686.9,1037.101
2025.01.07 09:00,101686.9,101850,101580.1,101760,956.959
2025.01.07 10:00,101760,101975,101604.1,101646.2,1300.764
2025.01.07 11:00,101646.2,101966,101578.6,101872,1349.815
2025.01.07 12:00,101872,101895.4,101596.5,101667.1,1200.567
2025.01.07 13:00,101667.1,101667.1,101333.3,101358.6,2512.91
2025.01.07 14:00,101358.6,101426.3,100441,100796.4,7231.904
2025.01.07 15:00,100796.4,100923.9,100567.6,100719.5,2663.674
2025.01.07 16:00,100719.5,100955.5,100575.9,100606,2902.668
2025.01.07 17:00,100606,100827.2,99709,99938.6,13846.453
2025.01.07 18:00,99938.6,100165.2,97088,97905.1,41252.163
2025.01.07 19:00,97905.1,98329.8,97558.2,97695.3,9886.393
2025.01.07 20:00,97695.3,97772.4,96500,97242.4,13671.76
2025.01.07 21:00,97242.4,97514.2,96568.3,96720.5,6048.358
2025.01.07 22:00,96720.5,97157.5,96159.2,96415.7,7229.891
2025.01.07 23:00,96415.7,96850,96113.4,96494.5,8008.508
2025.01.08 00:00,96494.5,97051.7,96350,96461.3,4842.182
2025.01.08 01:00,96461.3,97188.8,96355.8,97127.4,2534.229
2025.01.08 02:00,97127.4,97155,96750,96908.1,2114.728
2025.01.08 03:00,96908.1,97224.3,96623.7,97208.7,2713.961
2025.01.08 04:00,97208.7,97209.6,96559.8,96853.1,2454.519
2025.01.08 05:00,96853.1,97133.6,96719.8,96808.8,2126.223
2025.01.08 06:00,96808.8,96809.7,96165.4,96487.5,5342.281
2025.01.08 07:00,96487.5,96599.4,95830.1,96231.3,5876.29
2025.01.08 08:00,96231.3,96623.5,96016.3,96445.9,2916.59
2025.01.08 09:00,96445.9,96599.4,95209,95239.2,8022.009
2025.01.08 10:00,95239.2,95794,95202.3,95608.9,4691.751
2025.01.08 11:00,95608.9,96095.9,95475.5,95894.5,3562.61
2025.01.08 12:00,95894.5,96061,95363.6,95383.5,3477.916
2025.01.08 13:00,95383.5,95968.9,95383.4,95911.2,3271.509
2025.01.08 14:00,95911.2,96012.8,94458,95101.8,11521.298
2025.01.08 15:00,95101.8,95332.5,94800,94842.1,5462.581
2025.01.08 16:00,94842.1,95642.3,94842.1,95348,5983.553
2025.01.08 17:00,95348,95837.8,94820.4,95251,9490.574
2025.01.08 18:00,95251,96037.9,94571,95455.3,13831.404
2025.01.08 19:00,95455.3,95457.8,94503.7,94754.7,5768.086
2025.01.08 20:00,94754.7,94819,92378.5,93957.6,28516.724
2025.01.08 21:00,93957.6,95082.1,93705,94195.7,10487.455
2025.01.08 22:00,94195.7,94817.3,94008.8,94211.6,6798.048
2025.01.08 23:00,94211.6,94384.9,93703.1,93947.4,4557.249
2025.01.09 00:00,93947.4,94550,93530.5,94408.4,3952.488
2025.01.09 01:00,94408.4,95254.5,94401.2,95247.5,3973.451
2025.01.09 02:00,95247.5,95251.9,94850,95022.2,1536.526
2025.01.09 03:00,95022.2,95140.2,94760,95110.9,1778.001
2025.01.09 04:00,95110.9,95356.6,94931.1,94946.9,1935.142
2025.01.09 05:00,94946.9,94999.3,93374.9,94732.5,14580.863
2025.01.09 06:00,94732.5,94758.2,93955.6,93966.1,3530.596
2025.01.09 07:00,93966.1,94450,93736,94370.2,3040.266
2025.01.09 08:00,94370.2,94540.3,94225,94438.7,1660.184
2025.01.09 09:00,94438.7,94588.6,94001,94052.3,1813.133
2025.01.09 10:00,94052.3,94264.7,93089.4,93175.6,5075.48
2025.01.09 11:00,93175.6,93360,92705,92979.5,7271.242
2025.01.09 12:00,92979.5,93694.1,92916,93464.6,2829.436
2025.01.09 13:00,93464.6,93623.1,92980.1,93416,2673.379
2025.01.09 14:00,93416,93827.2,93150,93410.1,3226.832
2025.01.09 15:00,93410.1,93648.3,93103,93369,2985.39
2025.01.09 16:00,93369,93450.7,91825,91933.7,11600.575
2025.01.09 17:00,91933.7,92868,91738,92815.1,9734.024
2025.01.09 18:00,92815.1,94555,92637.2,94210.8,11830.334
2025.01.09 19:00,94210.8,94666,93806.6,94219,6302.303
2025.01.09 20:00,94219,94259.7,92262.6,92635.6,8838.853
2025.01.09 21:00,92635.6,93198.5,92334.3,92976.1,5189.437
2025.01.09 22:00,92976.1,93246,91850,91859.5,5880.459
2025.01.09 23:00,91859.5,92329,91151,91866.4,13085.16
2025.01.10 00:00,91866.4,92484.4,91754,92062.3,4764.129
2025.01.10 01:00,92062.3,92699.2,91591,92419.2,3793.553
2025.01.10 02:00,92419.2,92679.5,92000.2,92507.7,3290.995
2025.01.10 03:00,92507.7,92814.8,92406.6,92724.7,3092.272
2025.01.10 04:00,92724.7,93122,92536.8,93067.9,2246.545
2025.01.10 05:00,93067.9,93654.6,92982,93324.7,3116.784
2025.01.10 06:00,93324.7,93687.8,93270.6,93655.9,1527.503
2025.01.10 07:00,93655.9,93870,93457.9,93800,2737.193
2025.01.10 08:00,93800,94206.9,93599.8,93920.7,3382.395
2025.01.10 09:00,93920.7,94282.2,93684.3,94197.8,3030.796
2025.01.10 10:00,94197.8,94948.4,94027.1,94457.1,4817.084
2025.01.10 11:00,94457.1,94728.4,94342.1,94623.5,2694.877
2025.01.10 12:00,94623.5,94937.4,94524,94738.5,2648.55
2025.01.10 13:00,94738.5,95233,94699.6,95158.1,2924.639
2025.01.10 14:00,95158.1,95204,94566.8,95019.8,3803.069
2025.01.10 15:00,95019.8,95079.9,94666,94989.5,2894.808
2025.01.10 16:00,94989.5,94989.5,92700,93513.6,23584.13
2025.01.10 17:00,93513.6,94697.9,93370.5,94083.5,16157.782
2025.01.10 18:00,94083.5,94508.9,92161.2,93695.9,21464.255
2025.01.10 19:00,93695.9,94009,93153.9,93620.6,8693.856
2025.01.10 20:00,93620.6,95873.6,93290.1,95767.1,10031.584
2025.01.10 21:00,95767.1,95767.1,94527.9,94808.4,8887.735
2025.01.10 22:00,94808.4,95356.8,94355.2,95275.4,3885.396
2025.01.10 23:00,95275.4,95416.6,94534.1,94620.7,4396.183
2025.01.11 00:00,94620.7,94901.9,94544.4,94571.3,1655.948
2025.01.11 01:00,94571.3,94955,94540.1,94728.8,1411.468
2025.01.11 02:00,94728.8,94867.9,94606,94684.2,964.913
2025.01.11 03:00,94684.2,94709.7,94267.6,94560.8,2476.533
2025.01.11 04:00,94560.8,94667.2,94176.9,94389.9,1254.326
2025.01.11 05:00,94389.9,94464,94131.9,94372.5,1172.408
2025.01.11 06:00,94372.5,94397.9,94054.9,94163.1,1133.161
2025.01.11 07:00,94163.1,94266.7,93800,94024.2,1920.428
2025.01.11 08:00,94024.2,94350,93970.1,94323.5,1437.213
2025.01.11 09:00,94323.5,94409.5,94163,94167.6,1081.293
2025.01.11 10:00,94167.6,94299.7,94104.8,94204.3,725.648
2025.01.11 11:00,94204.3,94379.5,93981,94035.5,1274.438
2025.01.11 12:00,94035.5,94295.3,94000.6,94293.3,845.234
2025.01.11 13:00,94293.3,94490.3,94265.8,94449.3,1353.161
2025.01.11 14:00,94449.3,94750,94416.9,94574.6,1756.577
2025.01.11 15:00,94574.6,94611.2,94488.3,94509.4,1041.333
2025.01.11 16:00,94509.4,94570.9,94300,94349.2,1384.333
2025.01.11 17:00,94349.2,94608,94258.7,94571,1137.115
2025.01.11 18:00,94571,94608.8,94326.5,94371.5,915.972
2025.01.11 19:00,94371.5,94696.5,94264.9,94418,1813.653
2025.01.11 20:00,94418,94418,93888.3,94125.7,2448.819
2025.01.11 21:00,94125.7,94284.8,94067,94232.3,974.813
2025.01.11 22:00,94232.3,94310.3,94035.5,94201.1,670.619
2025.01.11 23:00,94201.1,94649.9,94142.1,94572,1687.305
2025.01.12 00:00,94572,94991.9,94533.1,94896,2157.698
2025.01.12 01:00,94896,94945.1,94521.5,94554.8,1281.711
2025.01.12 02:00,94554.8,94728.2,94501,94569.4,868.893
2025.01.12 03:00,94569.4,94626.9,94383.6,94411.3,925.476
2025.01.12 04:00,94411.3,94559.5,94255,94538.4,853.103
2025.01.12 05:00,94538.4,94637.2,94434.6,94585.6,520.999
2025.01.12 06:00,94585.6,94663.9,94361.8,94587.3,533.113
2025.01.12 07:00,94587.3,94610.2,94454.2,94540.3,341.227
2025.01.12 08:00,94540.3,94595.3,94452.3,94520.1,278.229
2025.01.12 09:00,94520.1,94577.3,94324,94328.7,599.131
2025.01.12 10:00,94328.7,94413.8,94210.3,94295.1,794.441
2025.01.12 11:00,94295.1,94358.6,94069,94140,1192.324
2025.01.12 12:00,94140,94202.4,93660,93862.8,2540.608
2025.01.12 13:00,93862.8,94026.2,93782.4,93973.9,1488.826
2025.01.12 14:00,93973.9,94320,93970.1,94211.2,1719.055
2025.01.12 15:00,94211.2,94592.4,94120.6,94299.7,2180.205
2025.01.12 16:00,94299.7,94730.2,94257,94623.8,2111.312
2025.01.12 17:00,94623.8,94963.9,94623.8,94780,2191.065
2025.01.12 18:00,94780,95439.9,94640,95043.8,5341.668
2025.01.12 19:00,95043.8,95109.2,94769.4,95022.3,1928.994
2025.01.12 20:00,95022.3,95240.9,94936.8,95096.8,1125.857
2025.01.12 21:00,95096.8,95283.7,94866.7,94961.7,1188.28
2025.01.12 22:00,94961.7,95037.1,94540.2,94632.4,1809.217
2025.01.12 23:00,94632.4,94782.7,94558.3,94658,781.805
2025.01.13 00:00,94658,94692.3,94256.6,94303.8,1606.678
2025.01.13 01:00,94303.8,94330.2,93740,93929.8,3231.153
2025.01.13 02:00,93929.8,94546.8,93910.6,94510,2532.941
2025.01.13 03:00,94510,95954.8,94406,95285.4,7887.206
2025.01.13 04:00,95285.4,95373,94056.3,94177.9,6807.35
2025.01.13 05:00,94177.9,94475,93868.4,94170,3855.937
2025.01.13 06:00,94170,94387.9,93926.2,94217.1,2169.932
2025.01.13 07:00,94217.1,94888.2,94144.1,94463.6,3513.085
2025.01.13 08:00,94463.6,94514.4,94010,94135.7,2211.919
2025.01.13 09:00,94135.7,94311.5,93151,93600.1,7428.097
2025.01.13 10:00,93600.1,93993,93422.5,93557.9,4318.551
2025.01.13 11:00,93557.9,93621.2,92850,93000,4836.825
2025.01.13 12:00,93000,93151.9,92566.8,92805,5423.068
2025.01.13 13:00,92805,92853.8,91321,91594.1,11696.248
2025.01.13 14:00,91594.1,91752.6,90769,90811.9,11022.671
2025.01.13 15:00,90811.9,91500,90250,90696.5,14849.645
2025.01.13 16:00,90696.5,91756,90544.8,91080.9,10461.258
2025.01.13 17:00,91080.9,92249.8,89100,91784.8,28077.046
2025.01.13 18:00,91784.8,93050.9,91512.1,92081.1,13535.328
2025.01.13 19:00,92081.1,92241.4,91200.9,91302.1,9768.011
2025.01.13 20:00,91302.1,92263.7,91200,91944,6499.829
2025.01.13 21:00,91944,92388,91564.1,92037.6,6512.493
2025.01.13 22:00,92037.6,92500,91548,92260.7,7450.425
2025.01.13 23:00,92260.7,93800,91839.2,93545.1,9132.764
2025.01.14 00:00,93545.1,94442.8,93349.6,94172.8,7947.464
2025.01.14 01:00,94172.8,94700,94118.3,94370.4,4165.619
2025.01.14 02:00,94370.4,94601.5,94152.5,94508.2,2724.035
2025.01.14 03:00,94508.2,94857,94330.3,94462.5,3946.468
2025.01.14 04:00,94462.5,95050,94448.2,94814.4,3655.397
2025.01.14 05:00,94814.4,95285.1,94706.6,94877.7,3137.823
2025.01.14 06:00,94877.7,95101.3,94765.8,94849.3,1675.552
2025.01.14 07:00,94849.3,95137.4,94800,95104.5,1701.479
2025.01.14 08:00,95104.5,95484.3,94850,94911.3,2740.497
2025.01.14 09:00,94911.3,95014.2,94714.4,95014.1,1889.726
2025.01.14 10:00,95014.1,95149.9,94817.7,94838.4,1712.564
2025.01.14 11:00,94838.4,95811,94838.4,95471.5,5244.988
2025.01.14 12:00,95471.5,97395.5,95436.3,97150,12964.889
2025.01.14 13:00,97150,97181.8,96552.3,96655.5,6198.611
2025.01.14 14:00,96655.5,96694,96311,96526.2,3796.259
2025.01.14 15:00,96526.2,96696.6,95970,95970,3897.421
2025.01.14 16:00,95970,97247.9,95712.1,96303.9,12172.958
2025.01.14 17:00,96303.9,97220,95960.5,96257.8,9193.234
2025.01.14 18:00,96257.8,96950.9,96150.1,96415.4,5344.88
2025.01.14 19:00,96415.4,96415.5,95308.8,95709.1,8929.938
2025.01.14 20:00,95709.1,96571.9,95537.8,96492.5,5077.999
2025.01.14 21:00,96492.5,96942.5,96240.9,96733.2,3340.236
2025.01.14 22:00,96733.2,97064,96440.1,96518.1,2977.237
2025.01.14 23:00,96518.1,96899.5,96100,96461.9,4055.038
2025.01.15 00:00,96461.9,96642.8,96269.9,96439.1,1690.615
2025.01.15 01:00,96439.1,96700,96396.4,96640.2,767.049
2025.01.15 02:00,96640.2,96747.1,96450,96523.3,850.228
2025.01.15 03:00,96523.3,97336.9,96450,96851.8,3594.355
2025.01.15 04:00,96851.8,97548.7,96753.9,97293.1,3426.596
2025.01.15 05:00,97293.1,97412,96671.1,96773.8,2581.01
2025.01.15 06:00,96773.8,97297.9,96701.8,97281.3,1355.043
2025.01.15 07:00,97281.3,97691.7,97000,97150,3345.472
2025.01.15 08:00,97150,97205,96707.2,96989.9,2109.28
2025.01.15 09:00,96989.9,97123.9,96819.6,97065.7,1102.996
2025.01.15 10:00,97065.7,97567,97065.6,97255.8,2330.28
2025.01.15 11:00,97255.8,97499,97111.4,97158.5,2153.736
2025.01.15 12:00,97158.5,97324.4,96730,96782.4,2589.746
2025.01.15 13:00,96782.4,97099.9,96671.4,96899.9,1578.999
2025.01.15 14:00,96899.9,96905.9,96469.6,96722.3,2202.783
2025.01.15 15:00,96722.3,97159.8,96500,96901.4,3112.49
2025.01.15 16:00,96901.4,99000,96804.7,98927.7,20444.076
2025.01.15 17:00,98927.7,99489,98566.9,99400.7,12741.642
2025.01.15 18:00,99400.7,99765,98934.2,98955.1,8091.568
2025.01.15 19:00,98955.1,99472.2,98855,98970,3951.034
2025.01.15 20:00,98970,99300,98555.9,98600,3125.482
2025.01.15 21:00,98600,99423,98599.9,99420,2798.484
2025.01.15 22:00,99420,99942.5,99249.4,99807.5,4196.393
2025.01.15 23:00,99807.5,100700,99400.1,99504.4,11251.485
2025.01.16 00:00,99504.4,99820.1,99423,99630,2153.358
2025.01.16 01:00,99630,99799.9,99495.9,99681,1451.765
2025.01.16 02:00,99681,100500,99574,100465,3545.2
2025.01.16 03:00,100465,100866.1,99627,99839.7,6788.916
2025.01.16 04:00,99839.7,100177.6,99784.1,100044.8,2140.957
2025.01.16 05:00,100044.8,100097.7,99429.2,99599.9,2199.913
2025.01.16 06:00,99599.9,99809,99129.8,99437.5,2652.487
2025.01.16 07:00,99437.5,99664.9,99437.4,99586.9,812.536
2025.01.16 08:00,99586.9,99596,99314.2,99360.7,1201.757
2025.01.16 09:00,99360.7,99891.8,99293.1,99761.6,1917.305
2025.01.16 10:00,99761.6,99835,99606.3,99783.6,1063.726
2025.01.16 11:00,99783.6,99799,98599.9,98923.1,5026.15
2025.01.16 12:00,98923.1,99287,98600.9,99125.2,3541.744
2025.01.16 13:00,99125.2,99380,99082.8,99169.7,1733.905
2025.01.16 14:00,99169.7,99300,98688,99125.7,3448.606
2025.01.16 15:00,99125.7,99498.2,98853.2,99354.1,3516.098
2025.01.16 16:00,99354.1,99455,98747,99050,5080.85
2025.01.16 17:00,99050,99369.2,97452.7,97579,12631.918
2025.01.16 18:00,97579,99271.5,97291,99255.6,11172.911
2025.01.16 19:00,99255.6,99855.9,99029.5,99309,8789.028
2025.01.16 20:00,99309,100331.8,99134.2,99798.9,5456.431
2025.01.16 21:00,99798.9,100043.8,99210.6,99533,3051.469
2025.01.16 22:00,99533,100400,99356.4,100373.3,3877.011
2025.01.16 23:00,100373.3,100620,100221,100299,4058.872
2025.01.17 00:00,100299,100333.4,99657.6,100105.9,3456.367
2025.01.17 01:00,100105.9,100106.1,99331,99775.7,2454.652
2025.01.17 02:00,99775.7,100072,99684.9,99945.8,2464.937
2025.01.17 03:00,99945.8,100411.5,99906.1,100099.9,2712.989
2025.01.17 04:00,100099.9,101817.6,99969.9,101644.6,8303.289
2025.01.17 05:00,101644.6,102150,100758.4,101068.3,6078.729
2025.01.17 06:00,101068.3,101241.2,100902.2,101016.1,1949.731
2025.01.17 07:00,101016.1,101455,100907.6,101439,1677.292
2025.01.17 08:00,101439,101746.8,101274.8,101318.6,2377.152
2025.01.17 09:00,101318.6,101576.5,101283.1,101383.9,913.521
2025.01.17 10:00,101383.9,101911.9,101366.7,101410.4,2315.845
2025.01.17 11:00,101410.4,102199.9,101410.4,102100,4073.994
2025.01.17 12:00,102100,102269.3,101720,101833.4,2645.668
2025.01.17 13:00,101833.4,102579.3,101767.2,102315.8,3266.8
2025.01.17 14:00,102315.8,102436.9,102054.1,102205.4,1986.219
2025.01.17 15:00,102205.4,102957.2,102164.4,102727.8,5041.294
2025.01.17 16:00,102727.8,102968.4,102401.3,102443.3,4093.087
2025.01.17 17:00,102443.3,103358,102228.4,103357.9,10587.281
2025.01.17 18:00,103357.9,104219.8,103270,103988.4,14110.726
2025.01.17 19:00,103988.4,104999.5,103802,104950.3,9558.728
2025.01.17 20:00,104950.3,105278,103980,104106.7,8840.796
2025.01.17 21:00,104106.7,104895,104007,104800.4,4228.614
2025.01.17 22:00,104800.4,105815.8,104637.1,105788.5,9097.618
2025.01.17 23:00,105788.5,105806.4,104444,104642.8,7050.271
2025.01.18 00:00,104642.8,104988.2,104391.4,104559.4,3585.314
2025.01.18 01:00,104559.4,104651.7,104140.4,104366,1954.062
2025.01.18 02:00,104366,104498.2,104026,104048.8,1680.331
2025.01.18 03:00,104048.8,104617,104034.1,104610.7,2249.408
2025.01.18 04:00,104610.7,104610.8,104056,104223.1,1966.749
2025.01.18 05:00,104223.1,104468.8,104192.4,104285.1,809.127
2025.01.18 06:00,104285.1,104421.3,103008,103530,5341.605
2025.01.18 07:00,103530,103683,102630,103563.2,5556.396
2025.01.18 08:00,103563.2,103750.2,102778.3,102788,3979.355
2025.01.18 09:00,102788,103632.1,102780.1,103408.9,3147.259
2025.01.18 10:00,103408.9,103475,102545.5,102773.7,3013.266
2025.01.18 11:00,102773.7,103299.9,102244,103228.4,4802.47
2025.01.18 12:00,103228.4,103429.9,103005.9,103127.8,2662.745
2025.01.18 13:00,103127.8,103262.5,102800.1,103144.7,2470.537
2025.01.18 14:00,103144.7,103851.9,102900,103538.9,2775.529
2025.01.18 15:00,103538.9,103999.9,103337.6,103412.2,2251.796
2025.01.18 16:00,103412.2,104377.3,103076.7,104314.3,3229.287
2025.01.18 17:00,104314.3,104525,103666,103932.4,3941.751
2025.01.18 18:00,103932.4,104963,103709.3,104521.4,3848.269
2025.01.18 19:00,104521.4,104692.3,103107.3,103198,5698.581
2025.01.18 20:00,103198,104184.5,103197.9,103769.2,3146.238
2025.01.18 21:00,103769.2,104373.1,103759.6,104052,2917.859
2025.01.18 22:00,104052,104483.6,104029.8,104366,2121.949
2025.01.18 23:00,104366,104486.8,103734.2,103995.7,2426.406
2025.01.19 00:00,103995.7,104238.5,103826.1,103847.9,1911.419
2025.01.19 01:00,103847.9,104290.1,103826,104262.2,738.865
2025.01.19 02:00,104262.2,104738.6,104262.2,104520,2013.775
2025.01.19 03:00,104520,104520,104074.1,104079.9,1528.37
2025.01.19 04:00,104079.9,104655.4,103970.9,104452.6,1599.001
2025.01.19 05:00,104452.6,105431.1,104451.9,104835,3373.533
2025.01.19 06:00,104835,105154,104503.4,104955.1,2283.22
2025.01.19 07:00,104955.1,105221.4,104630.1,105004,2208.677
2025.01.19 08:00,105004,105115.8,104227.7,105099.8,2868.475
2025.01.19 09:00,105099.8,105618.8,104984.5,105539.1,2167.327
2025.01.19 10:00,105539.1,105580.6,104932.4,105158.7,2002.954
2025.01.19 11:00,105158.7,105158.7,104290.6,104400.8,3521.741
2025.01.19 12:00,104400.8,105442.4,103427.9,105273.8,7521.865
2025.01.19 13:00,105273.8,105285.1,104382.1,104807.6,2957.432
2025.01.19 14:00,104807.6,105345.4,104186,104344.9,3497.906
2025.01.19 15:00,104344.9,105029.3,104281.3,104908.2,3525.695
2025.01.19 16:00,104908.2,105295.2,104834.3,104953.8,2603.135
2025.01.19 17:00,104953.8,105700,104765.6,105128.9,4532.326
2025.01.19 18:00,105128.9,105213.6,104486,104904,3356.014
2025.01.19 19:00,104904,105202.2,104675.9,104909.2,2028.499
2025.01.19 20:00,104909.2,105125,104471.3,105100,3912.898
2025.01.19 21:00,105100,105251.7,104878.4,105024.6,2037.497
2025.01.19 22:00,105024.6,106250,104960.4,106231.4,4667.721
2025.01.19 23:00,106231.4,106476.5,105500,106294.3,5725.34
2025.01.20 00:00,106294.3,106394.8,103654.7,103680,11623.292
2025.01.20 01:00,103680,104488,101038.2,103400,17325.082
2025.01.20 02:00,103400,103400,99600,101310.7,26545.669
2025.01.20 03:00,101310.7,101678.6,99500.1,99757.6,13847.394
2025.01.20 04:00,99757.6,100956.8,99600,100671.6,9937.141
2025.01.20 05:00,100671.6,102305.5,100563.5,101911,7428.169
2025.01.20 06:00,101911,102199.1,101400,101880,4107.233
2025.01.20 07:00,101880,102796,101523.9,102200.1,3938.289
2025.01.20 08:00,102200.1,102827.7,102080.4,102333.3,3231.004
2025.01.20 09:00,102333.3,109951.7,102205.4,107542.7,29762.748
2025.01.20 10:00,107542.7,109614,106963.4,107172.9,28506.602
2025.01.20 11:00,107172.9,108426,107153.9,108348.4,6467.162
2025.01.20 12:00,108348.4,109237.2,107583,108178.5,7920.762
2025.01.20 13:00,108178.5,108784.1,107800,108000.1,4968.389
2025.01.20 14:00,108000.1,108599.8,107827.3,108271.9,2948.275
2025.01.20 15:00,108271.9,108767.6,105517.8,106947.6,20177.233
2025.01.20 16:00,106947.6,108166,106668.1,108005.9,7570.199
2025.01.20 17:00,108005.9,108180,107319.9,107926,4889.386
2025.01.20 18:00,107926,108057.1,104500,105000,16287.114
2025.01.20 19:00,105000,107089.2,103723.6,106703.9,18068.453
2025.01.20 20:00,106703.9,106805.6,100519,102978.4,75416.179
2025.01.20 21:00,102978.4,104500,102727,103928.8,10839.57
2025.01.20 22:00,103928.8,104000,102714.5,103693.3,7178.3
2025.01.20 23:00,103693.3,104343.2,103351.3,103649.6,4814.673
2025.01.21 00:00,103649.6,104079,102567.5,102599.9,3738.725
2025.01.21 01:00,102599.9,103816,101832.9,103589.5,6461.927
2025.01.21 02:00,103589.5,103688.5,101700,102258.7,9086.608
2025.01.21 03:00,102258.7,102678.9,101050,101180.9,9065.93
2025.01.21 04:00,101180.9,102219.6,100000,101485.3,13472.273
2025.01.21 05:00,101485.3,102781.8,101041.1,102522.1,5766.783
2025.01.21 06:00,102522.1,103250,102285.8,102915.8,4104.231
2025.01.21 07:00,102915.8,102949.9,101871.2,102324.9,4739.659
2025.01.21 08:00,102324.9,102514.3,101329.3,101358.1,3566.463
2025.01.21 09:00,101358.1,102171.7,101073.9,102161.9,4448.989
2025.01.21 10:00,102161.9,102464,101729.2,101962.7,3344.554
2025.01.21 11:00,101962.7,102488,101707.6,102432.7,2736.94
2025.01.21 12:00,102432.7,102875,102039.4,102680.1,3224.423
2025.01.21 13:00,102680.1,103386.7,102538,103145.9,4487.764
2025.01.21 14:00,103145.9,103978.9,103067.5,103745.9,4027.39
2025.01.21 15:00,103745.9,104777,103605,104504.7,6477.354
2025.01.21 16:00,104504.7,104983.7,104125.8,104455.7,4964.362
2025.01.21 17:00,104455.7,105340.4,103000,103271.2,13638.898
2025.01.21 18:00,103271.2,104097.5,102777.1,103931.7,8587.033
2025.01.21 19:00,103931.7,106579.7,103800,104965.9,17356.687
2025.01.21 20:00,104965.9,106418.4,104878.2,106169.9,7257.892
2025.01.21 21:00,106169.9,107265.6,105874.4,106848.1,7476.784
2025.01.21 22:00,106848.1,107229.5,106257,107008.2,4853.148
2025.01.21 23:00,107008.2,107211,105900,106100,5917.548
2025.01.22 00:00,106100,106826.8,105701.7,106768.8,4381.74
2025.01.22 01:00,106768.8,106771.8,105939.5,105972.1,3009.14
2025.01.22 02:00,105972.1,106297.9,105330.3,106133.3,5761.196
2025.01.22 03:00,106133.3,106332.6,105764.3,105926.2,3615.743
2025.01.22 04:00,105926.2,106387.4,105423.6,105785.5,3051.034
2025.01.22 05:00,105785.5,106197.9,105554.2,105579.4,1559.236
2025.01.22 06:00,105579.4,105908.6,105554.3,105588.9,1294.693
2025.01.22 07:00,105588.9,105808.8,105251.7,105571.8,1453.756
2025.01.22 08:00,105571.8,105857.1,105481.5,105687.3,1306.307
2025.01.22 09:00,105687.3,106020,105163.8,105370.4,3149.415
2025.01.22 10:00,105370.4,105671.4,105029.4,105063.5,2171.509
2025.01.22 11:00,105063.5,105376.5,104700,105264.4,4445.698
2025.01.22 12:00,105264.4,105264.4,104898.1,104987.7,2003.937
2025.01.22 13:00,104987.7,105148.4,104606.8,105117.6,2191.111
2025.01.22 14:00,105117.6,105463.2,104751.3,105112.6,3168.95
2025.01.22 15:00,105112.6,105568,105055.6,105265.1,2247.904
2025.01.22 16:00,105265.1,105355.4,103800.1,104065.7,6988.028
2025.01.22 17:00,104065.7,104979.4,103625.7,104391.7,11213.963
2025.01.22 18:00,104391.7,105150.6,103934.3,104152.5,6318.205
2025.01.22 19:00,104152.5,104206.7,103310,103688.6,7013.127
2025.01.22 20:00,103688.6,104593.5,103655.1,104327.7,4234.774
2025.01.22 21:00,104327.7,104690.3,103730.5,103880.1,2891.954
2025.01.22 22:00,103880.1,104742,103833.1,104613.8,2508.788
2025.01.22 23:00,104613.8,104830,103988.6,104275.3,3315.239
2025.01.23 00:00,104275.3,104342,103572.7,104060.9,2299.983
2025.01.23 01:00,104060.9,104487.3,103733.7,103834.1,2276.193
2025.01.23 02:00,103834.1,104105.9,103610,103670.4,2051.121
2025.01.23 03:00,103670.4,103780,103008.8,103268.1,3595.38
2025.01.23 04:00,103268.1,103641.3,102497.8,102910.7,5481.215
2025.01.23 05:00,102910.7,102965.3,102071.4,102616.6,5584.357
2025.01.23 06:00,102616.6,102979.8,102150,102411.6,2707.595
2025.01.23 07:00,102411.6,102455.6,101527.8,102011,5506.605
2025.01.23 08:00,102011,102593.4,101937.9,102490.6,2525.555
2025.01.23 09:00,102490.6,102933.4,102150.4,102228,2552.342
2025.01.23 10:00,102228,102735.8,102047.6,102659,2018.292
2025.01.23 11:00,102659,102669.6,102000.2,102173.4,2032.892
2025.01.23 12:00,102173.4,102438,101587.9,101627.7,3001.33
2025.01.23 13:00,101627.7,102040.7,101205.1,101651.7,4434.614
2025.01.23 14:00,101651.7,102165.8,101648.6,101921.5,2577.324
2025.01.23 15:00,101921.5,102117.3,101372.1,101601.5,3563.661
2025.01.23 16:00,101601.5,102696.6,101277.8,102475,5326.983
2025.01.23 17:00,102475,106053.4,101959.2,105199.7,25998.161
2025.01.23 18:00,105199.7,105785.8,102600,105235.5,41319.15
2025.01.23 19:00,105235.5,106875,104902.8,105104.1,26184.039
2025.01.23 20:00,105104.1,106231.9,104143,105911.3,10334.501
2025.01.23 21:00,105911.3,106147.2,105061.1,105395.5,5107.592
2025.01.23 22:00,105395.5,105479.9,103350,103736.6,9140.83
2025.01.23 23:00,103736.6,106400,102526.1,103235.6,54860.416
2025.01.24 00:00,103235.6,103363.5,102147.3,103006.9,10211.401
2025.01.24 01:00,103006.9,104686.7,102913.4,103937.8,7116.272
2025.01.24 02:00,103937.8,104481,103713.8,103862.4,2490.992
2025.01.24 03:00,103862.4,104114.3,103374.3,103413,2338.695
2025.01.24 04:00,103413,103873,103017.7,103183.3,2373.94
2025.01.24 05:00,103183.3,103492.8,102910,102973.6,1731.268
2025.01.24 06:00,102973.6,104240,102691.8,103831.5,4545.331
2025.01.24 07:00,103831.5,104900,103747.6,104577.8,3184.682
2025.01.24 08:00,104577.8,105258.7,104474.7,105178.3,2840.01
2025.01.24 09:00,105178.3,105316,104582,104948.9,2072.591
2025.01.24 10:00,104948.9,105150,104630,105008.8,2014.25
2025.01.24 11:00,105008.8,105620.6,104891.5,105473.3,2683.219
2025.01.24 12:00,105473.3,105733.4,104978.1,105112.4,3109.271
2025.01.24 13:00,105112.4,105406.2,105003.5,105382.2,1941.556
2025.01.24 14:00,105382.2,105499.3,105192.4,105384.1,1370.519
2025.01.24 15:00,105384.1,105572.1,105140,105505,1649.879
2025.01.24 16:00,105505,105775.7,104859,105077.8,3291.8
2025.01.24 17:00,105077.8,106319.3,104622.3,105728.7,8464.159
2025.01.24 18:00,105728.7,105977,105215.2,105827.8,5035.61
2025.01.24 19:00,105827.8,106176.3,105532.2,105611.9,4785.952
2025.01.24 20:00,105611.9,106681.7,105569.9,106432.4,4939.793
2025.01.24 21:00,106432.4,107118.6,106048,106304.3,7365.638
2025.01.24 22:00,106304.3,106596,105642.9,105734.3,3968.991
2025.01.24 23:00,105734.3,105755.3,104681.1,104814.5,5540.04
2025.01.25 00:00,104814.5,105355,104814.5,105069,2479.604
2025.01.25 01:00,105069,105420.1,104641.3,104720.7,2232.023
2025.01.25 02:00,104720.7,104877.5,104386.7,104800.1,3063.589
2025.01.25 03:00,104800.1,104802.8,104308.6,104372.4,1688.388
2025.01.25 04:00,104372.4,104771.7,104340,104677.3,1135.214
2025.01.25 05:00,104677.3,104797,104416.4,104514.3,921.041
2025.01.25 06:00,104514.3,105227.3,104411.4,105146.5,1947.782
2025.01.25 07:00,105146.5,105165.5,104564.6,104614.6,752.098
2025.01.25 08:00,104614.6,104657,104205.8,104326.4,1575.392
2025.01.25 09:00,104326.4,104437.8,104175,104267,1299.056
2025.01.25 10:00,104267,104477,104230,104349.9,697.841
2025.01.25 11:00,104349.9,104450,104051.5,104300,1060.262
2025.01.25 12:00,104300,104400,104225,104308.7,702.307
2025.01.25 13:00,104308.7,104640,104036.9,104479.9,1613.307
2025.01.25 14:00,104479.9,104631,104337.3,104619.1,941.321
2025.01.25 15:00,104619.1,104741.1,104405.7,104688.7,945.745
2025.01.25 16:00,104688.7,104800,104576.6,104662.4,1153.345
2025.01.25 17:00,104662.4,104681.2,104422.3,104538.9,735.758
2025.01.25 18:00,104538.9,105072,104538.9,104846.5,2192.113
2025.01.25 19:00,104846.5,104962.8,104530.1,104620,1197.771
2025.01.25 20:00,104620,104894.7,104380.2,104848.9,1647.125
2025.01.25 21:00,104848.9,105276.1,104790,104949.2,1936.378
2025.01.25 22:00,104949.2,105138,104857.2,104997.8,1023.039
2025.01.25 23:00,104997.8,105151.4,104919,104920.6,659.873
2025.01.26 00:00,104920.6,105079,104809.4,105065.6,782.563
2025.01.26 01:00,105065.6,105237.4,104973.1,105044.5,681.849
2025.01.26 02:00,105044.5,105100,104638.9,104709.4,1247.245
2025.01.26 03:00,104709.4,104825,104466.9,104580.7,971.404
2025.01.26 04:00,104580.7,104746.8,104495.8,104586.4,485.124
2025.01.26 05:00,104586.4,104693.6,104491,104666,364.817
2025.01.26 06:00,104666,105217.5,104665.9,105024.5,1580.082
2025.01.26 07:00,105024.5,105591.5,104936.5,105142.8,1761.889
2025.01.26 08:00,105142.8,105175.6,104985,105065.8,512.57
2025.01.26 09:00,105065.8,105082.7,104930.1,104969.4,296.627
2025.01.26 10:00,104969.4,105066.7,104903.9,104966,385.687
2025.01.26 11:00,104966,105200,104830,104994.5,971.213
2025.01.26 12:00,104994.5,104994.5,104400,104597.6,2521.534
2025.01.26 13:00,104597.6,104685.8,104424.1,104670.2,974.045
2025.01.26 14:00,104670.2,104818.6,104620.1,104773.6,813.454
2025.01.26 15:00,104773.6,104864.9,104654.6,104864.9,524.43
2025.01.26 16:00,104864.9,105028,104794.8,104924.5,1258.491
2025.01.26 17:00,104924.5,104975.3,104770,104910.2,514.957
2025.01.26 18:00,104910.2,105053.7,104850,104934.4,712.873
2025.01.26 19:00,104934.4,105000,104861.5,104895.4,533.074
2025.01.26 20:00,104895.4,105017.2,104880.1,104911,403.283
2025.01.26 21:00,104911,105243.6,104872.6,105157,1295.703
2025.01.26 22:00,105157,105225.7,105009.6,105056.7,502.527
2025.01.26 23:00,105056.7,105188.4,104902,104935.9,631.303
2025.01.27 00:00,104935.9,104976.6,104511.1,104527,1947.674
2025.01.27 01:00,104527,104697,104263.5,104283.6,2451.176
2025.01.27 02:00,104283.6,104283.7,102457.1,102553.7,11016.685
2025.01.27 03:00,102553.7,103217.8,101536.9,101680.4,8316.64
2025.01.27 04:00,101680.4,102027.8,101087.4,101235.3,6817.98
2025.01.27 05:00,101235.3,101636.1,100775,100942,5885.444
2025.01.27 06:00,100942,101799.4,100667.7,101345,3900.092
2025.01.27 07:00,101345,101347.1,100213.7,100360.5,5673.183
2025.01.27 08:00,100360.5,100677,99670.1,100319.3,5577.598
2025.01.27 09:00,100319.3,100448.3,98630,98898.1,9854.285
2025.01.27 10:00,98898.1,99355.8,97694.2,98986.3,13384.262
2025.01.27 11:00,98986.3,99309.6,98630.3,98979.9,4634.953
2025.01.27 12:00,98979.9,99478.6,98741.5,99366.9,3862.031
2025.01.27 13:00,99366.9,99416.6,98208,98343,5049.287
2025.01.27 14:00,98343,99335.6,98280.2,98700,3957.648
2025.01.27 15:00,98700,100845.4,98655.6,100565,8281.402
2025.01.27 16:00,100565,101605,99951.6,100445.4,11907.622
2025.01.27 17:00,100445.4,102270.4,100011.4,101857.3,11509.918
2025.01.27 18:00,101857.3,102068.1,100791.1,101055.2,8278.283
2025.01.27 19:00,101055.2,101195.5,99519.1,99694.7,8970.161
2025.01.27 20:00,99694.7,100010.4,98980,99100.8,7834.597
2025.01.27 21:00,99100.8,99713.4,98793.3,99140.4,4598.72
2025.01.27 22:00,99140.4,99910.7,99118.1,99649.9,4105.281
2025.01.27 23:00,99649.9,101719.7,99549.6,101336.1,6343.727
2025.01.28 00:00,101336.1,102376.8,100885.8,101298,7072.074
2025.01.28 01:00,101298,101893.3,101217.9,101581.7,1977.53
2025.01.28 02:00,101581.7,102135.9,101581.7,102024.2,2272.341
2025.01.28 03:00,102024.2,102910.4,101731.8,101815.2,4542.672
2025.01.28 04:00,101815.2,101955.9,101335,101335,2312.812
2025.01.28 05:00,101335,102397.7,101280,102350.3,2245.651
2025.01.28 06:00,102350.3,102840,101975,102594.9,2607.144
2025.01.28 07:00,102594.9,103329.9,102544.9,102867.2,3651.924
2025.01.28 08:00,102867.2,103300,102774.7,102966,1714.325
2025.01.28 09:00,102966,103160.8,102558.5,102698.2,2092.254
2025.01.28 10:00,102698.2,103280,102458.4,102745.3,3143.435
2025.01.28 11:00,102745.3,102974.8,102542.4,102790.8,1856.688
2025.01.28 12:00,102790.8,102920.9,102322.7,102910.8,2803.404
2025.01.28 13:00,102910.8,103178.1,102537.1,102691.5,2246.621
2025.01.28 14:00,102691.5,102888,102507.6,102703.8,1340.075
2025.01.28 15:00,102703.8,102940,102417.7,102549.7,1969.331
2025.01.28 16:00,102549.7,102893.7,102407.2,102549.3,1633.362
2025.01.28 17:00,102549.3,102859.8,101767,102590.3,10613.097
2025.01.28 18:00,102590.3,103800,102404.3,102718.8,12166.483
2025.01.28 19:00,102718.8,102863,101865.2,102200,6027.259
2025.01.28 20:00,102200,103050,102151.9,102513.6,4618.181
2025.01.28 21:00,102513.6,103077.6,102100,102143.6,3985.411
2025.01.28 22:00,102143.6,102615,101739.8,102375.4,4343.291
2025.01.28 23:00,102375.4,102490,101161.6,101216.3,4020.619
2025.01.29 00:00,101216.3,101490.8,100207,100268.1,5858.164
2025.01.29 01:00,100268.1,101342.8,100205.7,101218.7,4174.402
2025.01.29 02:00,101218.7,101396.4,100675.6,101278,2497.023
2025.01.29 03:00,101278,101769.9,101265.3,101642.2,2295.437
2025.01.29 04:00,101642.2,101938.4,101400,101781,1698.908
2025.01.29 05:00,101781,102266,101650,101740.1,2033.038
2025.01.29 06:00,101740.1,102106.3,101719.6,101970.4,1680.18
2025.01.29 07:00,101970.4,102139,101899.9,101953.4,887.254
2025.01.29 08:00,101953.4,102338.2,101927.3,102214.7,1152.812
2025.01.29 09:00,102214.7,102847.4,102183.5,102762.4,2719.142
2025.01.29 10:00,102762.4,102768.4,102403.1,102700.1,1932.278
2025.01.29 11:00,102700.1,102974,102629.1,102699.8,2232.939
2025.01.29 12:00,102699.8,102748.2,102259.2,102290,2073.53
2025.01.29 13:00,102290,102694.3,102150,102499.7,1773.042
2025.01.29 14:00,102499.7,102763.9,102365.1,102591.5,1379.587
2025.01.29 15:00,102591.5,102781.2,102168.8,102202.4,1966.065
2025.01.29 16:00,102202.4,102306.8,101651,101801.1,4796.328
2025.01.29 17:00,101801.1,102340,101516.2,101995.8,5178.665
2025.01.29 18:00,101995.8,102504.1,101736.1,101919.3,3857.235
2025.01.29 19:00,101919.3,102108.9,101618.7,102043.5,2289.877
2025.01.29 20:00,102043.5,102737,101956.5,102367.6,2938.353
2025.01.29 21:00,102367.6,102973.3,101950,102803.8,3593.722
2025.01.29 22:00,102803.8,103985.2,101335.9,103536.1,22849.275
2025.01.29 23:00,103536.1,104777,102800,104158.1,11568.078
2025.01.30 00:00,104158.1,104366.6,103666.6,103679,4681.385
2025.01.30 01:00,103679,104000,103333.4,103444.1,3046.635
2025.01.30 02:00,103444.1,104329.5,103409,103700,2675.386
2025.01.30 03:00,103700,104113.2,103235,103986.9,3494.318
2025.01.30 04:00,103986.9,104543.3,103892.4,104237,2693.863
2025.01.30 05:00,104237,104661,103903.5,104646.2,3244.828
2025.01.30 06:00,104646.2,105293.9,104462.3,105166.3,4821.613
2025.01.30 07:00,105166.3,105582.2,104824.4,105451.2,2947.042
2025.01.30 08:00,105451.2,105502.1,105001,105357.4,2048.573
2025.01.30 09:00,105357.4,105540,105130,105159.7,1705.094
2025.01.30 10:00,105159.7,105329.7,104777,105100,2067.184
2025.01.30 11:00,105100,105309,104901,105026.5,1809.574
2025.01.30 12:00,105026.5,105534,104990.7,105397,1703.612
2025.01.30 13:00,105397,105397.1,105076.6,105314.9,1307.205
2025.01.30 14:00,105314.9,105383.3,105045,105281.5,1464.24
2025.01.30 15:00,105281.5,105295.2,104840,104986.4,1918.061
2025.01.30 16:00,104986.4,105328.7,104803.5,104840.9,2934.37
2025.01.30 17:00,104840.9,106221.5,104628,105883,8821.477
2025.01.30 18:00,105883,106421.1,105342.9,105516.5,8687.751
2025.01.30 19:00,105516.5,105970,105410.9,105653.7,2774.406
2025.01.30 20:00,105653.7,105654.1,104851.2,105242.9,4171.254
2025.01.30 21:00,105242.9,105530,104711,105529.9,3354.771
2025.01.30 22:00,105529.9,105742,105183.5,105676,1816.016
2025.01.30 23:00,105676,105789,104769.7,104850.2,3881.803
2025.01.31 00:00,104850.2,105157.5,104733.3,104984.6,1597.113
2025.01.31 01:00,104984.6,105294.1,104918.4,105040.5,675.73
2025.01.31 02:00,105040.5,105205,104633,104684.6,1306.122
2025.01.31 03:00,104684.6,104976.2,104310.1,104852.4,3286.772
2025.01.31 04:00,104852.4,104862.4,104355.7,104679.6,1397.555
2025.01.31 05:00,104679.6,104802.9,104200,104285.8,2054.169
2025.01.31 06:00,104285.8,104322,103875,104273.2,3256.191
2025.01.31 07:00,104273.2,104490,103911,103960.1,1626.843
2025.01.31 08:00,103960.1,104437.5,103952.8,104266.2,1320.281
2025.01.31 09:00,104266.2,104695.6,104246,104467.7,1338.808
2025.01.31 10:00,104467.7,104761.1,103975,104146.1,2970.034
2025.01.31 11:00,104146.1,104280,103958.4,103965,2095.337
2025.01.31 12:00,103965,104264,103863,104205.4,1929.325
2025.01.31 13:00,104205.4,104398.3,104033,104238.4,980.132
2025.01.31 14:00,104238.4,104796,104238.4,104675,2347.945
2025.01.31 15:00,104675,104884.4,104501.9,104663.4,1762.105
2025.01.31 16:00,104663.4,104995.8,104500.3,104610,2244.376
2025.01.31 17:00,104610,104821.7,104050.1,104403.5,4224.096
2025.01.31 18:00,104403.5,105998,104403.5,105404.7,8276.605
2025.01.31 19:00,105404.7,105535.7,104650,105025.2,4369.373
2025.01.31 20:00,105025.2,105025.2,104487.2,104523,2354.629
2025.01.31 21:00,104523,104774,102530,102569.9,12540.897
2025.01.31 22:00,102569.9,102975.1,102058.5,102232,8897.109
2025.01.31 23:00,102232,102274.6,101540.6,101614.5,9276.44
2025.02.01 00:00,101614.5,102087.4,101468.4,102074.4,5620.333
